archive_id,filepath,width,height,aspect_ratio,exif_orientation,face_hint_degrees,status
queerhana-atlantis-flyer-all,atlantis-flyer-all.jpg,600,1489,0.403,,"0,90,180,270",needs eyes (missing or invalid EXIF orientation)
queerhana-haritz-aali,Haritz/Haritz_aali.jpg,800,533,1.501,1,,already normal
queerhana-tupim-haritz,Haritz/Tupim_Haritz.jpg,1500,1000,1.5,1,,already normal
queerhana-facial,Haritz/facial.JPG,1600,1200,1.333,0,"0,90,180,270",needs eyes (missing or invalid EXIF orientation)
queerhana-shana-pizoz1,Haritz/shana pizoz1.jpg,450,338,1.331,,"0,90",needs eyes (missing or invalid EXIF orientation)
queerhana-dsc-4334,queerhana 2005/DSC_4334.JPG,2240,1488,1.505,8,,auto-correctable
queerhana-dsc-4338,queerhana 2005/DSC_4338.JPG,2240,1488,1.505,1,,already normal
queerhana-dsc-4341,queerhana 2005/DSC_4341.JPG,2240,1488,1.505,1,,already normal
queerhana-dsc-4345,queerhana 2005/DSC_4345.JPG,2240,1488,1.505,1,,already normal
queerhana-dsc-4346,queerhana 2005/DSC_4346.JPG,2240,1488,1.505,1,,already normal
queerhana-dsc-4348,queerhana 2005/DSC_4348.JPG,2240,1488,1.505,1,,already normal
queerhana-dsc-4349,queerhana 2005/DSC_4349.JPG,2240,1488,1.505,1,,already normal
queerhana-dsc-4352,queerhana 2005/DSC_4352.JPG,2240,1488,1.505,8,,auto-correctable
queerhana-dsc-4354,queerhana 2005/DSC_4354.JPG,2240,1488,1.505,6,,auto-correctable
queerhana-dsc-4356,queerhana 2005/DSC_4356.JPG,2240,1488,1.505,6,,auto-correctable
queerhana-dsc-4358,queerhana 2005/DSC_4358.JPG,2240,1488,1.505,1,,already normal
queerhana-dsc-4360,queerhana 2005/DSC_4360.JPG,2240,1488,1.505,6,,auto-correctable
queerhana-dsc-4362,queerhana 2005/DSC_4362.JPG,2240,1488,1.505,1,,already normal
queerhana-dsc-4373,queerhana 2005/DSC_4373.JPG,2240,1488,1.505,1,,already normal
queerhana-dsc-4374,queerhana 2005/DSC_4374.JPG,2240,1488,1.505,1,,already normal
queerhana-dsc-4375,queerhana 2005/DSC_4375.JPG,2240,1488,1.505,8,,auto-correctable
queerhana-dsc-4377,queerhana 2005/DSC_4377.JPG,2240,1488,1.505,1,,already normal
queerhana-dsc-4380,queerhana 2005/DSC_4380.JPG,2240,1488,1.505,8,,auto-correctable
queerhana-dsc-4382,queerhana 2005/DSC_4382.JPG,2240,1488,1.505,1,,already normal
queerhana-dsc-4383,queerhana 2005/DSC_4383.JPG,2240,1488,1.505,1,,already normal
queerhana-dsc-4385,queerhana 2005/DSC_4385.JPG,2240,1488,1.505,1,,already normal
queerhana-dsc-4388,queerhana 2005/DSC_4388.JPG,2240,1488,1.505,1,,already normal
queerhana-dsc-4390,queerhana 2005/DSC_4390.JPG,2240,1488,1.505,8,,auto-correctable
queerhana-dsc-4391,queerhana 2005/DSC_4391.JPG,2240,1488,1.505,1,,already normal
queerhana-dsc-4392,queerhana 2005/DSC_4392.JPG,2240,1488,1.505,8,,auto-correctable
queerhana-dsc-4393,queerhana 2005/DSC_4393.JPG,2240,1488,1.505,8,,auto-correctable
queerhana-dsc-4398,queerhana 2005/DSC_4398.JPG,2240,1488,1.505,1,,already normal
queerhana-dsc-4399,queerhana 2005/DSC_4399.JPG,2240,1488,1.505,1,,already normal
queerhana-dsc-4400,queerhana 2005/DSC_4400.JPG,2240,1488,1.505,1,,already normal
queerhana-dsc-4404,queerhana 2005/DSC_4404.JPG,2240,1488,1.505,1,,already normal
queerhana-dsc-4406,queerhana 2005/DSC_4406.JPG,2240,1488,1.505,1,,already normal
queerhana-dsc-4407,queerhana 2005/DSC_4407.JPG,2240,1488,1.505,1,,already normal
queerhana-dsc-4408,queerhana 2005/DSC_4408.JPG,2240,1488,1.505,1,,already normal
queerhana-i8,drive-canonical-pull-2026-08-08/I8.jpg,1800,1200,1.5,1,,already normal
queerhana-i9,drive-canonical-pull-2026-08-08/I9.jpg,1800,1200,1.5,1,,already normal
queerhana-logo5,pink.communities.coalition/logo5.jpg,591,591,1.0,1,,already normal
queerhana-logo-f,pink.communities.coalition/logo_F.jpg,591,591,1.0,1,,already normal
queerhana-dscf3602,wetransfer-024eb0(1)/DSCF3602.JPG,2048,1536,1.333,1,,already normal
queerhana-dscf4455,wetransfer-024eb0(1)/DSCF4455.JPG,640,480,1.333,1,,already normal
queerhana-dscf4459,wetransfer-024eb0(1)/DSCF4459.JPG,960,1280,0.75,1,,already normal
queerhana-dscf4462,wetransfer-024eb0(1)/DSCF4462.JPG,1280,960,1.333,1,,already normal
queerhana-dscf4464,wetransfer-024eb0(1)/DSCF4464.JPG,960,1280,0.75,1,,already normal
queerhana-dscn0142,wetransfer-024eb0(1)/DSCN0142.JPG,2560,1920,1.333,1,,already normal
queerhana-dscn0663,wetransfer-024eb0(1)/DSCN0663.JPG,1280,960,1.333,1,,already normal
queerhana-dscn0668,wetransfer-024eb0(1)/DSCN0668.JPG,1280,960,1.333,1,,already normal
queerhana-dscn0669,wetransfer-024eb0(1)/DSCN0669.JPG,1280,960,1.333,1,,already normal
queerhana-dscn0670,wetransfer-024eb0(1)/DSCN0670.JPG,1280,960,1.333,1,,already normal
queerhana-dscn0671,wetransfer-024eb0(1)/DSCN0671.JPG,1280,960,1.333,1,,already normal
queerhana-dscn0672,wetransfer-024eb0(1)/DSCN0672.JPG,1280,960,1.333,1,,already normal
queerhana-dscn0692,wetransfer-024eb0(1)/DSCN0692.JPG,1280,960,1.333,1,,already normal
queerhana-dscn0694,wetransfer-024eb0(1)/DSCN0694.JPG,1280,960,1.333,1,,already normal
queerhana-dscn0695,wetransfer-024eb0(1)/DSCN0695.JPG,1280,960,1.333,1,,already normal
queerhana-dscn0699,wetransfer-024eb0(1)/DSCN0699.JPG,1280,960,1.333,1,,already normal
queerhana-dscn0706,wetransfer-024eb0(1)/DSCN0706.JPG,1280,960,1.333,1,,already normal
queerhana-dscn0708,wetransfer-024eb0(1)/DSCN0708.JPG,1280,960,1.333,1,,already normal
queerhana-dscn0709,wetransfer-024eb0(1)/DSCN0709.JPG,1280,960,1.333,1,,already normal
queerhana-dscn0711a,wetransfer-024eb0(1)/DSCN0711a.jpg,1280,960,1.333,1,,already normal
queerhana-dscn0721a,wetransfer-024eb0(1)/DSCN0721a.jpg,960,1280,0.75,1,,already normal
queerhana-dscn0753,wetransfer-024eb0(1)/DSCN0753.JPG,1280,960,1.333,1,,already normal
queerhana-dscn0773,wetransfer-024eb0(1)/DSCN0773.JPG,1280,960,1.333,1,,already normal
queerhana-dscn0783,wetransfer-024eb0(1)/DSCN0783.JPG,1280,960,1.333,1,,already normal
queerhana-dscn0784,wetransfer-024eb0(1)/DSCN0784.JPG,1280,960,1.333,1,,already normal
queerhana-dscn0788,wetransfer-024eb0(1)/DSCN0788.JPG,1600,1200,1.333,1,,already normal
queerhana-dscn0797,wetransfer-024eb0(1)/DSCN0797.JPG,1600,1200,1.333,1,,already normal
queerhana-invitation-fb,ngbk exhibition 2017/invitation FB.png,1920,1000,1.92,,"0,90,180,270",needs eyes (missing or invalid EXIF orientation)
queerhana-logo,pink.communities.coalition/logo.jpg,2236,2283,0.979,,0,needs eyes (missing or invalid EXIF orientation)
queerhana-dsc-4412,queerhana 2005/DSC_4412.JPG,2240,1488,1.505,1,,already normal
queerhana-dsc-4414,queerhana 2005/DSC_4414.JPG,2240,1488,1.505,1,,already normal
queerhana-dsc-4421,queerhana 2005/DSC_4421.JPG,2240,1488,1.505,1,,already normal
queerhana-dsc-4422,queerhana 2005/DSC_4422.JPG,2240,1488,1.505,1,,already normal
queerhana-dsc-4426,queerhana 2005/DSC_4426.JPG,2240,1488,1.505,6,,auto-correctable
queerhana-dsc-4427,queerhana 2005/DSC_4427.JPG,2240,1488,1.505,1,,already normal
queerhana-dsc-4432,queerhana 2005/DSC_4432.JPG,2240,1488,1.505,1,,already normal
queerhana-dscf2788,wetransfer-024eb0(1)/DSCF2788.JPG,1280,960,1.333,1,,already normal
queerhana-dscf2789,wetransfer-024eb0(1)/DSCF2789.JPG,2832,2128,1.331,1,,already normal
queerhana-dscf2790,wetransfer-024eb0(1)/DSCF2790.JPG,2832,2128,1.331,1,,already normal
queerhana-dscf2793,wetransfer-024eb0(1)/DSCF2793.JPG,2832,2128,1.331,1,,already normal
queerhana-dscf2796,wetransfer-024eb0(1)/DSCF2796.JPG,2128,2832,0.751,1,,already normal
queerhana-dscf2804,wetransfer-024eb0(1)/DSCF2804.JPG,2832,2128,1.331,1,,already normal
queerhana-dscf2805,wetransfer-024eb0(1)/DSCF2805.JPG,2832,2128,1.331,1,,already normal
queerhana-dscf2808,wetransfer-024eb0(1)/DSCF2808.JPG,2832,2128,1.331,1,,already normal
queerhana-dscf2809,wetransfer-024eb0(1)/DSCF2809.JPG,2832,2128,1.331,1,,already normal
queerhana-dscf2811,wetransfer-024eb0(1)/DSCF2811.JPG,2832,2128,1.331,1,,already normal
queerhana-dscf2812,wetransfer-024eb0(1)/DSCF2812.JPG,2128,2832,0.751,1,,already normal
queerhana-dscf2816,wetransfer-024eb0(1)/DSCF2816.JPG,2128,2832,0.751,1,,already normal
queerhana-dscf2822,wetransfer-024eb0(1)/DSCF2822.JPG,2832,2128,1.331,1,,already normal
queerhana-dscf3598,wetransfer-024eb0(1)/DSCF3598.JPG,960,1280,0.75,1,,already normal
queerhana-dscf3600,wetransfer-024eb0(1)/DSCF3600.JPG,960,1280,0.75,1,,already normal
queerhana-dscf3601,wetransfer-024eb0(1)/DSCF3601.JPG,960,1280,0.75,1,,already normal
queerhana-dscf4451,wetransfer-024eb0(1)/DSCF4451.JPG,480,640,0.75,1,,already normal
queerhana-dscf4454,wetransfer-024eb0(1)/DSCF4454.JPG,640,480,1.333,1,,already normal
queerhana-dscf4458,wetransfer-024eb0(1)/DSCF4458.JPG,1280,960,1.333,1,,already normal
queerhana-dscf4460,wetransfer-024eb0(1)/DSCF4460.JPG,960,1280,0.75,1,,already normal
queerhana-dscf4461,wetransfer-024eb0(1)/DSCF4461.JPG,960,1280,0.75,1,,already normal
queerhana-dscf4463,wetransfer-024eb0(1)/DSCF4463.JPG,960,1280,0.75,1,,already normal
queerhana-dscf4465,wetransfer-024eb0(1)/DSCF4465.JPG,1280,960,1.333,1,,already normal
queerhana-dscf4467,wetransfer-024eb0(1)/DSCF4467.JPG,1280,960,1.333,1,,already normal
queerhana-dscf4468,wetransfer-024eb0(1)/DSCF4468.JPG,1280,960,1.333,1,,already normal
queerhana-dscf4470,wetransfer-024eb0(1)/DSCF4470.JPG,1280,960,1.333,1,,already normal
queerhana-dscn0130,wetransfer-024eb0(1)/DSCN0130.JPG,2560,1920,1.333,1,,already normal
queerhana-dscn0652,wetransfer-024eb0(1)/DSCN0652.JPG,1280,960,1.333,1,,already normal
queerhana-dscn0653,wetransfer-024eb0(1)/DSCN0653.JPG,1280,960,1.333,1,,already normal
queerhana-dscn0654,wetransfer-024eb0(1)/DSCN0654.JPG,1280,960,1.333,1,,already normal
queerhana-dscn0655,wetransfer-024eb0(1)/DSCN0655.JPG,1280,960,1.333,1,,already normal
queerhana-dscn0658,wetransfer-024eb0(1)/DSCN0658.JPG,1280,960,1.333,1,,already normal
queerhana-dscn0659,wetransfer-024eb0(1)/DSCN0659.JPG,1280,960,1.333,1,,already normal
queerhana-dscn0660,wetransfer-024eb0(1)/DSCN0660.JPG,1280,960,1.333,1,,already normal
queerhana-dscn0664,wetransfer-024eb0(1)/DSCN0664.JPG,1280,960,1.333,1,,already normal
queerhana-dscn0665a,wetransfer-024eb0(1)/DSCN0665a.jpg,1280,960,1.333,1,,already normal
queerhana-dscn0674,wetransfer-024eb0(1)/DSCN0674.JPG,1280,960,1.333,1,,already normal
queerhana-dscn0675,wetransfer-024eb0(1)/DSCN0675.JPG,1280,960,1.333,1,,already normal
queerhana-dscn0676,wetransfer-024eb0(1)/DSCN0676.JPG,1280,960,1.333,1,,already normal
queerhana-dscn0679,wetransfer-024eb0(1)/DSCN0679.JPG,2560,1920,1.333,1,,already normal
queerhana-dscn0682,wetransfer-024eb0(1)/DSCN0682.JPG,2560,1920,1.333,1,,already normal
queerhana-dscn0683,wetransfer-024eb0(1)/DSCN0683.JPG,2560,1920,1.333,1,,already normal
queerhana-dscn0684,wetransfer-024eb0(1)/DSCN0684.JPG,1280,960,1.333,1,,already normal
queerhana-dscn0688,wetransfer-024eb0(1)/DSCN0688.JPG,1280,960,1.333,1,,already normal
queerhana-dscn0689,wetransfer-024eb0(1)/DSCN0689.JPG,1280,960,1.333,1,,already normal
queerhana-dscn0690,wetransfer-024eb0(1)/DSCN0690.JPG,1280,960,1.333,1,,already normal
queerhana-dscn0691a,wetransfer-024eb0(1)/DSCN0691a.jpg,960,1280,0.75,1,,already normal
queerhana-dscn0693,wetransfer-024eb0(1)/DSCN0693.JPG,1280,960,1.333,1,,already normal
queerhana-dscn0705,wetransfer-024eb0(1)/DSCN0705.JPG,1280,960,1.333,1,,already normal
queerhana-dscn0714,wetransfer-024eb0(1)/DSCN0714.JPG,1280,960,1.333,1,,already normal
queerhana-dscn0716,wetransfer-024eb0(1)/DSCN0716.JPG,1280,960,1.333,1,,already normal
queerhana-dscn0717,wetransfer-024eb0(1)/DSCN0717.JPG,1280,960,1.333,1,,already normal
queerhana-dscn0719,wetransfer-024eb0(1)/DSCN0719.JPG,1280,960,1.333,1,,already normal
queerhana-dscn0720,wetransfer-024eb0(1)/DSCN0720.JPG,1280,960,1.333,1,,already normal
queerhana-dscn0723,wetransfer-024eb0(1)/DSCN0723.JPG,1280,960,1.333,1,,already normal
queerhana-dscn0724,wetransfer-024eb0(1)/DSCN0724.JPG,1280,960,1.333,1,,already normal
queerhana-dscn0725,wetransfer-024eb0(1)/DSCN0725.JPG,1280,960,1.333,1,,already normal
queerhana-dscn0726,wetransfer-024eb0(1)/DSCN0726.JPG,1280,960,1.333,1,,already normal
queerhana-dscn0729,wetransfer-024eb0(1)/DSCN0729.JPG,1280,960,1.333,1,,already normal
queerhana-dscn0731,wetransfer-024eb0(1)/DSCN0731.JPG,1280,960,1.333,1,,already normal
queerhana-dscn0735,wetransfer-024eb0(1)/DSCN0735.JPG,1280,960,1.333,1,,already normal
queerhana-dscn0736,wetransfer-024eb0(1)/DSCN0736.JPG,1280,960,1.333,1,,already normal
queerhana-dscn0737,wetransfer-024eb0(1)/DSCN0737.JPG,1280,960,1.333,1,,already normal
queerhana-dscn0738,wetransfer-024eb0(1)/DSCN0738.JPG,1280,960,1.333,1,,already normal
queerhana-dscn0739,wetransfer-024eb0(1)/DSCN0739.JPG,1280,960,1.333,1,,already normal
queerhana-dscn0741,wetransfer-024eb0(1)/DSCN0741.JPG,1280,960,1.333,1,,already normal
queerhana-dscn0744,wetransfer-024eb0(1)/DSCN0744.JPG,1280,960,1.333,1,,already normal
queerhana-dscn0745,wetransfer-024eb0(1)/DSCN0745.JPG,1280,960,1.333,1,,already normal
queerhana-dscn0746,wetransfer-024eb0(1)/DSCN0746.JPG,1280,960,1.333,1,,already normal
queerhana-dscn0748,wetransfer-024eb0(1)/DSCN0748.JPG,1280,960,1.333,1,,already normal
queerhana-dscn0750,wetransfer-024eb0(1)/DSCN0750.JPG,1280,960,1.333,1,,already normal
queerhana-dscn0756,wetransfer-024eb0(1)/DSCN0756.JPG,1280,960,1.333,1,,already normal
queerhana-dscn0757,wetransfer-024eb0(1)/DSCN0757.JPG,1280,960,1.333,1,,already normal
queerhana-dscn0758,wetransfer-024eb0(1)/DSCN0758.JPG,1280,960,1.333,1,,already normal
queerhana-dscn0759,wetransfer-024eb0(1)/DSCN0759.JPG,1280,960,1.333,1,,already normal
queerhana-dscn0761,wetransfer-024eb0(1)/DSCN0761.JPG,1280,960,1.333,1,,already normal
queerhana-dscn0762,wetransfer-024eb0(1)/DSCN0762.JPG,1280,960,1.333,1,,already normal
queerhana-dscn0765,wetransfer-024eb0(1)/DSCN0765.JPG,1280,960,1.333,1,,already normal
queerhana-dscn0766,wetransfer-024eb0(1)/DSCN0766.JPG,1280,960,1.333,1,,already normal
queerhana-dscn0767,wetransfer-024eb0(1)/DSCN0767.JPG,1280,960,1.333,1,,already normal
queerhana-dscn0771,wetransfer-024eb0(1)/DSCN0771.JPG,1280,960,1.333,1,,already normal
queerhana-dscn0774,wetransfer-024eb0(1)/DSCN0774.JPG,1280,960,1.333,1,,already normal
queerhana-dscn0776,wetransfer-024eb0(1)/DSCN0776.JPG,1280,960,1.333,1,,already normal
queerhana-dscn0777,wetransfer-024eb0(1)/DSCN0777.JPG,1280,960,1.333,1,,already normal
queerhana-dscn0778,wetransfer-024eb0(1)/DSCN0778.JPG,1280,960,1.333,1,,already normal
queerhana-dscn0779,wetransfer-024eb0(1)/DSCN0779.JPG,1280,960,1.333,1,,already normal
queerhana-dscn0780,wetransfer-024eb0(1)/DSCN0780.JPG,1280,960,1.333,1,,already normal
queerhana-dscn0781,wetransfer-024eb0(1)/DSCN0781.JPG,1280,960,1.333,1,,already normal
queerhana-dscn0782,wetransfer-024eb0(1)/DSCN0782.JPG,1280,960,1.333,1,,already normal
queerhana-dscn0787,wetransfer-024eb0(1)/DSCN0787.JPG,2560,1920,1.333,1,,already normal
queerhana-dscn0792,wetransfer-024eb0(1)/DSCN0792.JPG,1600,1200,1.333,1,,already normal
queerhana-dscn0793,wetransfer-024eb0(1)/DSCN0793.JPG,1600,1200,1.333,1,,already normal
queerhana-dscn0795,wetransfer-024eb0(1)/DSCN0795.JPG,1600,1200,1.333,1,,already normal
queerhana-dscn0796,wetransfer-024eb0(1)/DSCN0796.JPG,1600,1200,1.333,1,,already normal
queerhana-dscn0802a,wetransfer-024eb0(1)/DSCN0802a.jpg,1600,1200,1.333,1,,already normal
queerhana-dscn0810,wetransfer-024eb0(1)/DSCN0810.JPG,1280,960,1.333,1,,already normal
queerhana-dscn0811,wetransfer-024eb0(1)/DSCN0811.JPG,1280,960,1.333,1,,already normal
queerhana-dscn0815,wetransfer-024eb0(1)/DSCN0815.JPG,1280,960,1.333,1,,already normal
queerhana-dscn0816,wetransfer-024eb0(1)/DSCN0816.JPG,1280,960,1.333,1,,already normal
queerhana-dscn0819,wetransfer-024eb0(1)/DSCN0819.JPG,1280,960,1.333,1,,already normal
queerhana-dscn0823,wetransfer-024eb0(1)/DSCN0823.JPG,1280,960,1.333,1,,already normal
queerhana-dscn0831,wetransfer-024eb0(1)/DSCN0831.JPG,1280,960,1.333,1,,already normal
queerhana-dscn0832,wetransfer-024eb0(1)/DSCN0832.JPG,1280,960,1.333,1,,already normal
queerhana-dscn0838a,wetransfer-024eb0(1)/DSCN0838a.jpg,1920,2560,0.75,1,,already normal
queerhana-dscn0852,wetransfer-024eb0(1)/DSCN0852.JPG,1280,960,1.333,1,,already normal
queerhana-dscn0859,wetransfer-024eb0(1)/DSCN0859.JPG,1280,960,1.333,1,,already normal
queerhana-dscn0861,wetransfer-024eb0(1)/DSCN0861.JPG,1280,960,1.333,1,,already normal
queerhana-dscn0862,wetransfer-024eb0(1)/DSCN0862.JPG,1280,960,1.333,1,,already normal
queerhana-dscn0863,wetransfer-024eb0(1)/DSCN0863.JPG,1280,960,1.333,1,,already normal
queerhana-dscn0864,wetransfer-024eb0(1)/DSCN0864.JPG,1280,960,1.333,1,,already normal
queerhana-dscn6163,wetransfer-024eb0(1)/DSCN6163.JPG,2560,1920,1.333,1,,already normal
queerhana-dsc-3149a,wetransfer-024eb0(1)/DSC_3149a.jpg,2820,1908,1.478,1,,already normal
queerhana-dsc-3152,wetransfer-024eb0(1)/DSC_3152.JPG,3008,2000,1.504,1,,already normal
queerhana-dscn0804,wetransfer-024eb0(1)/DSCN0804.JPG,1600,1200,1.333,1,,already normal
queerhana-dscn0805,wetransfer-024eb0(1)/DSCN0805.JPG,1600,1200,1.333,1,,already normal
queerhana-dscn0813,wetransfer-024eb0(1)/DSCN0813.JPG,1280,960,1.333,1,,already normal
queerhana-dscn0817,wetransfer-024eb0(1)/DSCN0817.JPG,1280,960,1.333,1,,already normal
queerhana-dscn0821,wetransfer-024eb0(1)/DSCN0821.JPG,1280,960,1.333,1,,already normal
queerhana-dscn0822,wetransfer-024eb0(1)/DSCN0822.JPG,1280,960,1.333,1,,already normal
queerhana-dscn0825,wetransfer-024eb0(1)/DSCN0825.JPG,1280,960,1.333,1,,already normal
queerhana-dscn0826a,wetransfer-024eb0(1)/DSCN0826a.jpg,1280,960,1.333,1,,already normal
queerhana-dscn0830,wetransfer-024eb0(1)/DSCN0830.JPG,1280,960,1.333,1,,already normal
queerhana-dscn0842,wetransfer-024eb0(1)/DSCN0842.JPG,1280,960,1.333,1,,already normal
queerhana-dscn0846,wetransfer-024eb0(1)/DSCN0846.JPG,1280,960,1.333,1,,already normal
queerhana-dscn0847,wetransfer-024eb0(1)/DSCN0847.JPG,1280,960,1.333,1,,already normal
queerhana-dscn0848,wetransfer-024eb0(1)/DSCN0848.JPG,1280,960,1.333,1,,already normal
queerhana-dscn0849a,wetransfer-024eb0(1)/DSCN0849a.jpg,1280,960,1.333,1,,already normal
queerhana-dscn0850,wetransfer-024eb0(1)/DSCN0850.JPG,1280,960,1.333,1,,already normal
queerhana-dscn0860,wetransfer-024eb0(1)/DSCN0860.JPG,1280,960,1.333,1,,already normal
queerhana-dscn0868,wetransfer-024eb0(1)/DSCN0868.JPG,1280,960,1.333,1,,already normal
queerhana-dscn0870,wetransfer-024eb0(1)/DSCN0870.JPG,1280,960,1.333,1,,already normal
queerhana-dscn0872,wetransfer-024eb0(1)/DSCN0872.JPG,1280,960,1.333,1,,already normal
queerhana-dscf2290,wetransfer-024eb0(1)/Dscf2290.jpg,1280,960,1.333,1,,already normal
queerhana-dscf2294,wetransfer-024eb0(1)/Dscf2294.jpg,1280,960,1.333,1,,already normal
queerhana-dscf3603,wetransfer-024eb0(1)/DSCF3603.JPG,2048,1536,1.333,1,,already normal
queerhana-dscf3604,wetransfer-024eb0(1)/DSCF3604.JPG,2048,1536,1.333,1,,already normal
queerhana-dscf4175,wetransfer-024eb0(1)/DSCF4175.JPG,2048,1536,1.333,1,,already normal
queerhana-dscf4179,wetransfer-024eb0(1)/DSCF4179.JPG,2048,1536,1.333,1,,already normal
queerhana-dscf4180,wetransfer-024eb0(1)/DSCF4180.JPG,2048,1536,1.333,1,,already normal
queerhana-dscf4184,wetransfer-024eb0(1)/DSCF4184.JPG,2048,1536,1.333,1,,already normal
queerhana-dscf2293,wetransfer-024eb0(1)/Dscf2293.jpg,1280,960,1.333,1,,already normal
queerhana-dscf2295,wetransfer-024eb0(1)/Dscf2295.jpg,1280,960,1.333,1,,already normal
